index,card_name,set_name,card_id,binder_name,page_number,slot_number,card_market_value
2-1-1,Alakazam,Base Set 2,base4-1,2,1,1,38.38
2-1-2,Blastoise,Base Set 2,base4-2,2,1,2,107.78
2-1-3,Chansey,Base Set 2,base4-3,2,1,3,15.58
2-1-4,Charizard,Base Set 2,base4-4,2,1,4,320.89
2-1-5,Clefable,Base Set 2,base4-5,2,1,5,15.28
2-1-6,Clefairy,Base Set 2,base4-6,2,1,6,11.42
2-1-7,Gyarados,Base Set 2,base4-7,2,1,7,27.78
2-1-8,Hitmonchan,Base Set 2,base4-8,2,1,8,21.27
2-1-9,Magneton,Base Set 2,base4-9,2,1,9,12.86
2-2-1,Mewtwo,Base Set 2,base4-10,2,2,1,43.63
2-2-2,Nidoking,Base Set 2,base4-11,2,2,2,25.33
2-2-3,Nidoqueen,Base Set 2,base4-12,2,2,3,23.24
2-2-4,Ninetales,Base Set 2,base4-13,2,2,4,22.58
2-2-5,Pidgeot,Base Set 2,base4-14,2,2,5,27.58
2-2-6,Poliwrath,Base Set 2,base4-15,2,2,6,13.23
2-2-7,Raichu,Base Set 2,base4-16,2,2,7,33.47
2-2-8,Scyther,Base Set 2,base4-17,2,2,8,25.66
2-2-9,Venusaur,Base Set 2,base4-18,2,2,9,72.77
2-3-1,Wigglytuff,Base Set 2,base4-19,2,3,1,11.65
2-3-2,Zapdos,Base Set 2,base4-20,2,3,2,24.49
2-3-3,Beedrill,Base Set 2,base4-21,2,3,3,2.01
2-3-4,Dragonair,Base Set 2,base4-22,2,3,4,9.15
2-3-5,Dugtrio,Base Set 2,base4-23,2,3,5,3.49
2-3-6,Electabuzz,Base Set 2,base4-24,2,3,6,3.23
2-3-7,Electrode,Base Set 2,base4-25,2,3,7,3.81
2-3-8,Kangaskhan,Base Set 2,base4-26,2,3,8,3.6
2-3-9,Mr. Mime,Base Set 2,base4-27,2,3,9,5.54
2-4-1,Pidgeotto,Base Set 2,base4-28,2,4,1,3.99
2-4-2,Pinsir,Base Set 2,base4-29,2,4,2,3.82
2-4-3,Snorlax,Base Set 2,base4-30,2,4,3,9.71
2-4-4,Venomoth,Base Set 2,base4-31,2,4,4,3.34
2-4-5,Victreebel,Base Set 2,base4-32,2,4,5,2.81
2-4-6,Arcanine,Base Set 2,base4-33,2,4,6,1.82
2-4-7,Butterfree,Base Set 2,base4-34,2,4,7,1.53
2-4-8,Charmeleon,Base Set 2,base4-35,2,4,8,1.34
2-4-9,Dewgong,Base Set 2,base4-36,2,4,9,1.25
2-5-1,Dodrio,Base Set 2,base4-37,2,5,1,1.69
2-5-2,Dratini,Base Set 2,base4-38,2,5,2,0.88
2-5-3,Exeggutor,Base Set 2,base4-39,2,5,3,1.15
2-5-4,Farfetch'd,Base Set 2,base4-40,2,5,4,0.55
2-5-5,Fearow,Base Set 2,base4-41,2,5,5,1.39
2-5-6,Growlithe,Base Set 2,base4-42,2,5,6,1.29
2-5-7,Haunter,Base Set 2,base4-43,2,5,7,0.99
2-5-8,Ivysaur,Base Set 2,base4-44,2,5,8,3.52
2-5-9,Jynx,Base Set 2,base4-45,2,5,9,0.71
2-6-1,Kadabra,Base Set 2,base4-46,2,6,1,1.25
2-6-2,Kakuna,Base Set 2,base4-47,2,6,2,0.77
2-6-3,Lickitung,Base Set 2,base4-48,2,6,3,2.2
2-6-4,Machoke,Base Set 2,base4-49,2,6,4,0.7
2-6-5,Magikarp,Base Set 2,base4-50,2,6,5,1.07
2-6-6,Magmar,Base Set 2,base4-51,2,6,6,1.45
2-6-7,Marowak,Base Set 2,base4-52,2,6,7,1.7
2-6-8,Nidorina,Base Set 2,base4-53,2,6,8,0.65
2-6-9,Nidorino,Base Set 2,base4-54,2,6,9,1.78
2-7-1,Parasect,Base Set 2,base4-55,2,7,1,1.11
2-7-2,Persian,Base Set 2,base4-56,2,7,2,1.85
2-7-3,Poliwhirl,Base Set 2,base4-57,2,7,3,0.99
2-7-4,Raticate,Base Set 2,base4-58,2,7,4,1.03
2-7-5,Rhydon,Base Set 2,base4-59,2,7,5,2.09
2-7-6,Seaking,Base Set 2,base4-60,2,7,6,0.92
2-7-7,Seel,Base Set 2,base4-61,2,7,7,0.75
2-7-8,Tauros,Base Set 2,base4-62,2,7,8,3.13
2-7-9,Wartortle,Base Set 2,base4-63,2,7,9,1.88
2-8-1,Weepinbell,Base Set 2,base4-64,2,8,1,1.17
2-8-2,Abra,Base Set 2,base4-65,2,8,2,0.46
2-8-3,Bellsprout,Base Set 2,base4-66,2,8,3,0.5
2-8-4,Bulbasaur,Base Set 2,base4-67,2,8,4,2.51
2-8-5,Caterpie,Base Set 2,base4-68,2,8,5,0.72
2-8-6,Charmander,Base Set 2,base4-69,2,8,6,1.12
2-8-7,Cubone,Base Set 2,base4-70,2,8,7,0.92
2-8-8,Diglett,Base Set 2,base4-71,2,8,8,0.51
2-8-9,Doduo,Base Set 2,base4-72,2,8,9,0.47
2-9-1,Drowzee,Base Set 2,base4-73,2,9,1,0.54
2-9-2,Exeggcute,Base Set 2,base4-74,2,9,2,0.5
2-9-3,Gastly,Base Set 2,base4-75,2,9,3,0.47
2-9-4,Goldeen,Base Set 2,base4-76,2,9,4,0.49
2-9-5,Jigglypuff,Base Set 2,base4-77,2,9,5,0.91
2-9-6,Machop,Base Set 2,base4-78,2,9,6,0.45
2-9-7,Magnemite,Base Set 2,base4-79,2,9,7,0.42
2-9-8,Meowth,Base Set 2,base4-80,2,9,8,0.57
2-9-9,Metapod,Base Set 2,base4-81,2,9,9,0.5
2-10-1,Nidoran ♀,Base Set 2,base4-82,2,10,1,0.47
2-10-2,Nidoran ♂,Base Set 2,base4-83,2,10,2,0.64
2-10-3,Onix,Base Set 2,base4-84,2,10,3,0.91
2-10-4,Paras,Base Set 2,base4-85,2,10,4,0.46
2-10-5,Pidgey,Base Set 2,base4-86,2,10,5,0.85
2-10-6,Pikachu,Base Set 2,base4-87,2,10,6,2.51
2-10-7,Poliwag,Base Set 2,base4-88,2,10,7,0.41
2-10-8,Rattata,Base Set 2,base4-89,2,10,8,0.5
2-10-9,Rhyhorn,Base Set 2,base4-90,2,10,9,0.64
2-11-1,Sandshrew,Base Set 2,base4-91,2,11,1,0.46
2-11-2,Spearow,Base Set 2,base4-92,2,11,2,0.56
2-11-3,Squirtle,Base Set 2,base4-93,2,11,3,1.14
2-11-4,Starmie,Base Set 2,base4-94,2,11,4,0.54
2-11-5,Staryu,Base Set 2,base4-95,2,11,5,0.34
2-11-6,Tangela,Base Set 2,base4-96,2,11,6,0.46
2-11-7,Venonat,Base Set 2,base4-97,2,11,7,0.67
2-11-8,Voltorb,Base Set 2,base4-98,2,11,8,0.62
2-11-9,Vulpix,Base Set 2,base4-99,2,11,9,0.89
2-12-1,Weedle,Base Set 2,base4-100,2,12,1,0.39
2-12-2,Computer Search,Base Set 2,base4-101,2,12,2,2.63
2-12-3,Imposter Professor Oak,Base Set 2,base4-102,2,12,3,2.42
2-12-4,Item Finder,Base Set 2,base4-103,2,12,4,7.58
2-12-5,Lass,Base Set 2,base4-104,2,12,5,2.67
2-12-6,Pokémon Breeder,Base Set 2,base4-105,2,12,6,4.4
2-12-7,Pokémon Trader,Base Set 2,base4-106,2,12,7,3.45
2-12-8,Scoop Up,Base Set 2,base4-107,2,12,8,4.64
2-12-9,Super Energy Removal,Base Set 2,base4-108,2,12,9,2.86
2-13-1,Defender,Base Set 2,base4-109,2,13,1,0.41
2-13-2,Energy Retrieval,Base Set 2,base4-110,2,13,2,0.41
2-13-3,Full Heal,Base Set 2,base4-111,2,13,3,0.42
2-13-4,Maintenance,Base Set 2,base4-112,2,13,4,0.82
2-13-5,PlusPower,Base Set 2,base4-113,2,13,5,0.5
2-13-6,Pokémon Center,Base Set 2,base4-114,2,13,6,0.98
2-13-7,Pokédex,Base Set 2,base4-115,2,13,7,0.65
2-13-8,Professor Oak,Base Set 2,base4-116,2,13,8,1.47
2-13-9,Super Potion,Base Set 2,base4-117,2,13,9,0.31
2-14-1,Bill,Base Set 2,base4-118,2,14,1,0.39
2-14-2,Energy Removal,Base Set 2,base4-119,2,14,2,0.34
2-14-3,Gust of Wind,Base Set 2,base4-120,2,14,3,0.33
2-14-4,Poké Ball,Base Set 2,base4-121,2,14,4,0.39
2-14-5,Potion,Base Set 2,base4-122,2,14,5,0.25
2-14-6,Switch,Base Set 2,base4-123,2,14,6,0.31
2-14-7,Double Colorless Energy,Base Set 2,base4-124,2,14,7,2.07
2-14-8,Fighting Energy,Base Set 2,base4-125,2,14,8,0.26
2-14-9,Fire Energy,Base Set 2,base4-126,2,14,9,0.69
2-15-1,Grass Energy,Base Set 2,base4-127,2,15,1,0.23
2-15-2,Lightning Energy,Base Set 2,base4-128,2,15,2,0.28
2-15-3,Psychic Energy,Base Set 2,base4-129,2,15,3,0.26
2-15-4,Water Energy,Base Set 2,base4-130,2,15,4,0.19
2-15-5,Charizard,Base Set 2,base4-4,2,15,5,320.89
2-15-6,Blastoise,Base Set 2,base4-2,2,15,6,107.78
2-15-7,Venusaur,Base Set 2,base4-18,2,15,7,72.77
2-15-8,Mewtwo,Base Set 2,base4-10,2,15,8,43.63
2-15-9,Zapdos,Base Set 2,base4-20,2,15,9,24.49
2-16-1,Raichu,Base Set 2,base4-16,2,16,1,33.47
2-16-2,Scyther,Base Set 2,base4-17,2,16,2,25.66
2-16-3,Wigglytuff,Base Set 2,base4-19,2,16,3,11.65
2-16-4,Pidgeot,Base Set 2,base4-14,2,16,4,27.58
2-16-5,Nidoqueen,Base Set 2,base4-12,2,16,5,23.24
2-16-6,Nidoking,Base Set 2,base4-11,2,16,6,25.33
2-16-7,Alakazam,Base Set 2,base4-1,2,16,7,38.38
2-16-8,Gyarados,Base Set 2,base4-7,2,16,8,27.78
2-16-9,Chansey,Base Set 2,base4-3,2,16,9,15.58
2-17-1,Clefable,Base Set 2,base4-5,2,17,1,15.28
2-17-2,Pikachu,Base Set 2,base4-87,2,17,2,2.51
2-17-3,Bulbasaur,Base Set 2,base4-67,2,17,3,2.51
2-17-4,Charmander,Base Set 2,base4-69,2,17,4,1.12
2-17-5,Squirtle,Base Set 2,base4-93,2,17,5,1.14
2-17-6,Pidgey,Base Set 2,base4-86,2,17,6,0.85
2-17-7,Rattata,Base Set 2,base4-89,2,17,7,0.5
2-17-8,Clefairy,Base Set 2,base4-6,2,17,8,11.42
2-17-9,Magikarp,Base Set 2,base4-50,2,17,9,1.07
2-18-1,Abra,Base Set 2,base4-65,2,18,1,0.46
2-18-2,Machop,Base Set 2,base4-78,2,18,2,0.45
2-18-3,Magnemite,Base Set 2,base4-79,2,18,3,0.42
2-18-4,Gastly,Base Set 2,base4-75,2,18,4,0.47
2-18-5,Vulpix,Base Set 2,base4-99,2,18,5,0.89
2-18-6,Seaking,Base Set 2,base4-60,2,18,6,0.92
2-18-7,Weedle,Base Set 2,base4-100,2,18,7,0.39
2-18-8,Caterpie,Base Set 2,base4-68,2,18,8,0.72
2-18-9,Poliwag,Base Set 2,base4-88,2,18,9,0.41
2-19-1,Poliwhirl,Base Set 2,base4-57,2,19,1,0.99
2-19-2,Ivysaur,Base Set 2,base4-44,2,19,2,3.52
2-19-3,Wartortle,Base Set 2,base4-63,2,19,3,1.88
2-19-4,Charmeleon,Base Set 2,base4-35,2,19,4,1.34
2-19-5,Kadabra,Base Set 2,base4-46,2,19,5,1.25
2-19-6,Machoke,Base Set 2,base4-49,2,19,6,0.7
2-19-7,Kakuna,Base Set 2,base4-47,2,19,7,0.77
2-19-8,Metapod,Base Set 2,base4-81,2,19,8,0.5
2-19-9,Dragonair,Base Set 2,base4-22,2,19,9,9.15
2-20-1,Dratini,Base Set 2,base4-38,2,20,1,0.88
2-20-2,Growlithe,Base Set 2,base4-42,2,20,2,1.29
2-20-3,Arcanine,Base Set 2,base4-33,2,20,3,1.82
2-20-4,Electrode,Base Set 2,base4-25,2,20,4,3.81
2-20-5,Electabuzz,Base Set 2,base4-24,2,20,5,3.23
2-20-6,Double Colorless Energy,Base Set 2,base4-124,2,20,6,2.07
2-20-7,Professor Oak,Base Set 2,base4-116,2,20,7,1.47
2-20-8,Bill,Base Set 2,base4-118,2,20,8,0.39
2-20-9,Energy Removal,Base Set 2,base4-119,2,20,9,0.34
1-1-1,Alakazam,Base,base1-1,1,1,1,49.98
1-1-2,Blastoise,Base,base1-2,1,1,2,160.51
1-1-3,Chansey,Base,base1-3,1,1,3,23.23
1-1-4,Charizard,Base,base1-4,1,1,4,459.35
1-1-5,Clefairy,Base,base1-5,1,1,5,24.87
1-1-6,Gyarados,Base,base1-6,1,1,6,33.33
1-1-7,Hitmonchan,Base,base1-7,1,1,7,19.22
1-1-8,Machamp,Base,base1-8,1,1,8,0.0
1-1-9,Magneton,Base,base1-9,1,1,9,15.39
1-2-1,Mewtwo,Base,base1-10,1,2,1,42.56
1-2-2,Nidoking,Base,base1-11,1,2,2,27.4
1-2-3,Ninetales,Base,base1-12,1,2,3,22.78
1-2-4,Poliwrath,Base,base1-13,1,2,4,18.8
1-2-5,Raichu,Base,base1-14,1,2,5,42.65
1-2-6,Venusaur,Base,base1-15,1,2,6,124.9
1-2-7,Zapdos,Base,base1-16,1,2,7,37.84
1-2-8,Beedrill,Base,base1-17,1,2,8,4.74
1-2-9,Dragonair,Base,base1-18,1,2,9,11.85
1-3-1,Dugtrio,Base,base1-19,1,3,1,6.88
1-3-2,Electabuzz,Base,base1-20,1,3,2,7.11
1-3-3,Electrode,Base,base1-21,1,3,3,6.36
1-3-4,Pidgeotto,Base,base1-22,1,3,4,9.39
1-3-5,Arcanine,Base,base1-23,1,3,5,3.72
1-3-6,Charmeleon,Base,base1-24,1,3,6,2.2
1-3-7,Dewgong,Base,base1-25,1,3,7,1.92
1-3-8,Dratini,Base,base1-26,1,3,8,1.94
1-3-9,Farfetch'd,Base,base1-27,1,3,9,1.08
1-4-1,Growlithe,Base,base1-28,1,4,1,1.11
1-4-2,Haunter,Base,base1-29,1,4,2,1.53
1-4-3,Ivysaur,Base,base1-30,1,4,3,3.03
1-4-4,Jynx,Base,base1-31,1,4,4,0.79
1-4-5,Kadabra,Base,base1-32,1,4,5,1.24
1-4-6,Kakuna,Base,base1-33,1,4,6,1.12
1-4-7,Machoke,Base,base1-34,1,4,7,0.67
1-4-8,Magikarp,Base,base1-35,1,4,8,2.18
1-4-9,Magmar,Base,base1-36,1,4,9,2.45
1-5-1,Nidorino,Base,base1-37,1,5,1,2.01
1-5-2,Poliwhirl,Base,base1-38,1,5,2,1.13
1-5-3,Porygon,Base,base1-39,1,5,3,3.91
1-5-4,Raticate,Base,base1-40,1,5,4,1.92
1-5-5,Seel,Base,base1-41,1,5,5,1.2
1-5-6,Wartortle,Base,base1-42,1,5,6,3.29
1-5-7,Abra,Base,base1-43,1,5,7,0.99
1-5-8,Bulbasaur,Base,base1-44,1,5,8,2.22
1-5-9,Caterpie,Base,base1-45,1,5,9,1.38
1-6-1,Charmander,Base,base1-46,1,6,1,1.72
1-6-2,Diglett,Base,base1-47,1,6,2,0.51
1-6-3,Doduo,Base,base1-48,1,6,3,0.85
1-6-4,Drowzee,Base,base1-49,1,6,4,0.58
1-6-5,Gastly,Base,base1-50,1,6,5,0.67
1-6-6,Koffing,Base,base1-51,1,6,6,0.47
1-6-7,Machop,Base,base1-52,1,6,7,0.44
1-6-8,Magnemite,Base,base1-53,1,6,8,0.47
1-6-9,Metapod,Base,base1-54,1,6,9,0.81
1-7-1,Nidoran ♂,Base,base1-55,1,7,1,0.65
1-7-2,Onix,Base,base1-56,1,7,2,0.66
1-7-3,Pidgey,Base,base1-57,1,7,3,0.97
1-7-4,Pikachu,Base,base1-58,1,7,4,4.51
1-7-5,Poliwag,Base,base1-59,1,7,5,0.51
1-7-6,Ponyta,Base,base1-60,1,7,6,0.4
1-7-7,Rattata,Base,base1-61,1,7,7,0.69
1-7-8,Sandshrew,Base,base1-62,1,7,8,0.72
1-7-9,Squirtle,Base,base1-63,1,7,9,3.23
1-8-1,Starmie,Base,base1-64,1,8,1,0.58
1-8-2,Staryu,Base,base1-65,1,8,2,0.57
1-8-3,Tangela,Base,base1-66,1,8,3,0.7
1-8-4,Voltorb,Base,base1-67,1,8,4,1.41
1-8-5,Vulpix,Base,base1-68,1,8,5,0.73
1-8-6,Weedle,Base,base1-69,1,8,6,0.52
1-8-7,Clefairy Doll,Base,base1-70,1,8,7,6.48
1-8-8,Computer Search,Base,base1-71,1,8,8,2.79
1-8-9,Devolution Spray,Base,base1-72,1,8,9,4.35
1-9-1,Impostor Professor Oak,Base,base1-73,1,9,1,5.57
1-9-2,Item Finder,Base,base1-74,1,9,2,9.1
1-9-3,Lass,Base,base1-75,1,9,3,2.57
1-9-4,Pokémon Breeder,Base,base1-76,1,9,4,7.68
1-9-5,Pokémon Trader,Base,base1-77,1,9,5,5.16
1-9-6,Scoop Up,Base,base1-78,1,9,6,7.75
1-9-7,Super Energy Removal,Base,base1-79,1,9,7,3.96
1-9-8,Defender,Base,base1-80,1,9,8,1.28
1-9-9,Energy Retrieval,Base,base1-81,1,9,9,0.45
1-10-1,Full Heal,Base,base1-82,1,10,1,1.81
1-10-2,Maintenance,Base,base1-83,1,10,2,2.21
1-10-3,PlusPower,Base,base1-84,1,10,3,0.56
1-10-4,Pokémon Center,Base,base1-85,1,10,4,1.78
1-10-5,Pokémon Flute,Base,base1-86,1,10,5,2.7
1-10-6,Pokédex,Base,base1-87,1,10,6,0.47
1-10-7,Professor Oak,Base,base1-88,1,10,7,1.47
1-10-8,Revive,Base,base1-89,1,10,8,2.38
1-10-9,Super Potion,Base,base1-90,1,10,9,0.27
1-11-1,Bill,Base,base1-91,1,11,1,0.33
1-11-2,Energy Removal,Base,base1-92,1,11,2,0.29
1-11-3,Gust of Wind,Base,base1-93,1,11,3,0.3
1-11-4,Potion,Base,base1-94,1,11,4,0.22
1-11-5,Switch,Base,base1-95,1,11,5,0.29
1-11-6,Double Colorless Energy,Base,base1-96,1,11,6,5.19
1-11-7,Fighting Energy,Base,base1-97,1,11,7,0.24
1-11-8,Fire Energy,Base,base1-98,1,11,8,0.27
1-11-9,Grass Energy,Base,base1-99,1,11,9,0.24
1-12-1,Lightning Energy,Base,base1-100,1,12,1,0.47
1-12-2,Psychic Energy,Base,base1-101,1,12,2,0.3
1-12-3,Water Energy,Base,base1-102,1,12,3,0.28
1-12-4,Charizard,Base,base1-4,1,12,4,459.35
1-12-5,Blastoise,Base,base1-2,1,12,5,160.51
1-12-6,Venusaur,Base,base1-15,1,12,6,124.9
1-12-7,Mewtwo,Base,base1-10,1,12,7,42.56
1-12-8,Zapdos,Base,base1-16,1,12,8,37.84
1-12-9,Raichu,Base,base1-14,1,12,9,42.65
1-13-1,Alakazam,Base,base1-1,1,13,1,49.98
1-13-2,Chansey,Base,base1-3,1,13,2,23.23
1-13-3,Ninetales,Base,base1-12,1,13,3,22.78
1-13-4,Machamp,Base,base1-8,1,13,4,0.0
1-13-5,Charizard,Base,base1-4,1,13,5,459.35
1-13-6,Mewtwo,Base,base1-10,1,13,6,42.56
1-13-7,Pikachu,Base,base1-58,1,13,7,4.51
1-13-8,Bulbasaur,Base,base1-44,1,13,8,2.22
1-13-9,Charmander,Base,base1-46,1,13,9,1.72
1-14-1,Squirtle,Base,base1-63,1,14,1,3.23
1-14-2,Pidgey,Base,base1-57,1,14,2,0.97
1-14-3,Rattata,Base,base1-61,1,14,3,0.69
1-14-4,Clefairy,Base,base1-5,1,14,4,24.87
1-14-5,Jynx,Base,base1-31,1,14,5,0.79
1-14-6,Magikarp,Base,base1-35,1,14,6,2.18
1-14-7,Abra,Base,base1-43,1,14,7,0.99
1-14-8,Machop,Base,base1-52,1,14,8,0.44
1-14-9,Magnemite,Base,base1-53,1,14,9,0.47
1-15-1,Koffing,Base,base1-51,1,15,1,0.47
1-15-2,Gastly,Base,base1-50,1,15,2,0.67
1-15-3,Vulpix,Base,base1-68,1,15,3,0.73
1-15-4,Ponyta,Base,base1-60,1,15,4,0.4
1-15-5,Drowzee,Base,base1-49,1,15,5,0.58
1-15-6,Diglett,Base,base1-47,1,15,6,0.51
1-15-7,Weedle,Base,base1-69,1,15,7,0.52
1-15-8,Caterpie,Base,base1-45,1,15,8,1.38
1-15-9,Nidoran ♂,Base,base1-55,1,15,9,0.65
1-16-1,Poliwag,Base,base1-59,1,16,1,0.51
1-16-2,Poliwhirl,Base,base1-38,1,16,2,1.13
1-16-3,Ivysaur,Base,base1-30,1,16,3,3.03
1-16-4,Wartortle,Base,base1-42,1,16,4,3.29
1-16-5,Charmeleon,Base,base1-24,1,16,5,2.2
1-16-6,Kadabra,Base,base1-32,1,16,6,1.24
1-16-7,Machoke,Base,base1-34,1,16,7,0.67
1-16-8,Kakuna,Base,base1-33,1,16,8,1.12
1-16-9,Metapod,Base,base1-54,1,16,9,0.81
1-17-1,Dragonair,Base,base1-18,1,17,1,11.85
1-17-2,Dratini,Base,base1-26,1,17,2,1.94
1-17-3,Growlithe,Base,base1-28,1,17,3,1.11
1-17-4,Arcanine,Base,base1-23,1,17,4,3.72
1-17-5,Electrode,Base,base1-21,1,17,5,6.36
1-17-6,Electabuzz,Base,base1-20,1,17,6,7.11
1-17-7,Starmie,Base,base1-64,1,17,7,0.58
1-17-8,Staryu,Base,base1-65,1,17,8,0.57
1-17-9,Double Colorless Energy,Base,base1-96,1,17,9,5.19
1-18-1,Professor Oak,Base,base1-88,1,18,1,1.47
1-18-2,Bill,Base,base1-91,1,18,2,0.33
1-18-3,Energy Removal,Base,base1-92,1,18,3,0.29
1-18-4,Pokédex,Base,base1-87,1,18,4,0.47
1-18-5,Switch,Base,base1-95,1,18,5,0.29
1-18-6,Potion,Base,base1-94,1,18,6,0.22
1-18-7,Super Potion,Base,base1-90,1,18,7,0.27
1-18-8,Pokémon Center,Base,base1-85,1,18,8,1.78
1-18-9,Energy Retrieval,Base,base1-81,1,18,9,0.45
1-19-1,Fire Energy,Base,base1-98,1,19,1,0.27
1-19-2,Lightning Energy,Base,base1-100,1,19,2,0.47
1-19-3,Water Energy,Base,base1-102,1,19,3,0.28
1-19-4,Grass Energy,Base,base1-99,1,19,4,0.24
1-19-5,Psychic Energy,Base,base1-101,1,19,5,0.3
1-19-6,Fighting Energy,Base,base1-97,1,19,6,0.24
1-19-7,Double Colorless Energy,Base,base1-96,1,19,7,5.19
1-19-8,Charizard,Base,base1-4,1,19,8,459.35
1-19-9,Blastoise,Base,base1-2,1,19,9,160.51
1-20-1,Venusaur,Base,base1-15,1,20,1,124.9
1-20-2,Mewtwo,Base,base1-10,1,20,2,42.56
1-20-3,Zapdos,Base,base1-16,1,20,3,37.84
1-20-4,Gyarados,Base,base1-6,1,20,4,33.33
1-20-5,Poliwrath,Base,base1-13,1,20,5,18.8
1-20-6,Nidoking,Base,base1-11,1,20,6,27.4
1-20-7,Hitmonchan,Base,base1-7,1,20,7,19.22
1-20-8,Magneton,Base,base1-9,1,20,8,15.39
1-20-9,Chansey,Base,base1-3,1,20,9,23.23
